ProbeModel:"FP-2X-250-ZS30M-15",ProbeSerial:"FP101244",ProbeCalDate:"7-19-2021",ProbeOrientation:"MULTIAXIS",ProbeType:"2Dex",AveragingOn:True,AveragingNum:5,MeasureTime:20,
Num,Date,Time,Xset,Yset,Zset,Xpos,Ypos,Zpos,Bm,BmSD,Bx,BxSD,By,BySD,Bz,BzSD,Temp C,IndexX,IndexY,IndexZ,
1,2024-10-29,10:16:29.331,0,0,0,0,0,0,48.8606543928487,0.000245871874352015,-2.48707059860229,0.000249793373342704,-0.390206421492875,0.00031934214287467,48.7957560272217,0.00177742517281858,22.4414577484131,0,0,0
2,2024-10-29,10:16:30.887,0,0,0,0,0,0,48.8604716811884,0.000300190258307225,-2.48714978599548,0.000270415580593807,-0.38984593820389,0.00037859264750961,48.795573059082,0.0022672660301737,22.4401016235352,0,0,0
3,2024-10-29,10:16:32.604,0,0,0,0,0,0,48.8608200218654,0.000272306818257065,-2.48684456729864,0.000274986470343496,-0.389725491166115,0.000295341280144849,48.7959299316406,0.0020143791412343,22.4394569396973,0,0,0
4,2024-10-29,10:16:34.180,0,0,0,0,0,0,48.8608362605953,0.000210076702706793,-2.48695467948868,0.000215364685241277,-0.389275726793249,0.000362598995938777,48.7959538726807,0.00228219965982772,22.4446144104004,0,0,0
5,2024-10-29,10:16:35.870,0,0,0,0,0,0,48.8608832815765,0.000261495601207715,-2.48704230403899,0.000278010692799866,-0.390141515135765,0.000207075675059152,48.7959978942859,0.00203669761786948,22.4448490142822,0,0,0
6,2024-10-29,10:16:37.435,0,0,0,0,0,0,48.8606928562877,0.000438494958418683,-2.48694657707214,0.000361080579766034,-0.390154155610947,0.000331014362427871,48.7959125518775,0.00232316274830695,22.4464530944824,0,0,0
7,2024-10-29,10:16:38.985,0,0,0,0,0,0,48.8609277368009,0.000577026176722378,-2.4871172580719,0.000578721490405837,-0.38966504406929,0.000729245819269106,48.7960282135001,0.00202559151342073,22.451753616333,0,0,0
8,2024-10-29,10:16:40.752,0,0,0,0,0,0,48.8612763640004,0.000414796286934236,-2.48771934509172,0.000319272835831814,-0.390123154043292,0.00021421330602873,48.7962471466056,0.00260279290342735,22.4536190032959,0,0,0
9,2024-10-29,10:16:42.401,0,0,0,0,0,0,48.8607080990081,0.000293222011921811,-2.48691182613373,0.000303480879700153,-0.389596398711204,0.000406130118311846,48.7958225250244,0.0019781213076848,22.4510154724121,0,0,0
10,2024-10-29,10:16:44.026,0,0,0,0,0,0,48.8607211895665,0.000393683117353274,-2.48702589035034,0.000401423552103071,-0.389376068710271,0.000381832098838379,48.7958293609619,0.00177035839841621,22.4460849761963,0,0,0
11,2024-10-29,10:16:45.632,0,0,0,0,0,0,48.8608324227753,0.000244463194421235,-2.48682356262207,0.000243230320444344,-0.390613290428655,0.000416047721156795,48.7959183349609,0.00249511584019801,22.4494514465332,0,0,0
12,2024-10-29,10:16:47.325,0,0,0,0,0,0,48.8610888902107,0.000431351695050544,-2.48698227596283,0.000427809761123587,-0.389324455140317,0.000315282193313944,48.7961951446514,0.00225963757419622,22.4479370117188,0,0,0
13,2024-10-29,10:16:48.974,0,0,0,0,0,0,48.8609773273414,0.000147512409746602,-2.48715704154968,0.00013276387403003,-0.389988087654114,0.0003149419258349,48.7960509033201,0.00210920521719012,22.4427833557129,0,0,0
14,2024-10-29,10:16:50.562,0,0,0,0,0,0,48.860807277599,0.000203525666407044,-2.48709683227539,0.000237940382450652,-0.390177888035774,0.000220808509832957,48.7959728240961,0.00193711070836688,22.4438800811768,0,0,0
15,2024-10-29,10:16:52.153,0,0,0,0,0,0,48.8609000141891,0.000340729426156667,-2.48706833648608,0.000343766093590241,-0.389269921183586,0.000237903647860317,48.7960090484602,0.00195301160988874,22.4441261291504,0,0,0
16,2024-10-29,10:16:53.746,0,0,0,0,0,0,48.8610210824118,0.000292526926831512,-2.48688003540039,0.000285774869612891,-0.390075480221739,0.000484137788984471,48.7961268463135,0.00210351945141526,22.4464015960693,0,0,0
17,2024-10-29,10:16:55.345,0,0,0,0,0,0,48.8609481369242,0.000488695567297207,-2.48683095264435,0.000497748180797257,-0.389855137107856,0.000517395902279997,48.7960541534424,0.0017841007880242,22.4431285858154,0,0,0
18,2024-10-29,10:16:57.014,0,0,0,0,0,0,48.8609641076333,0.000517571399285299,-2.48693349838135,0.000520448560030906,-0.388951275823142,0.000207790046418874,48.7960750732384,0.00214703616006169,22.444019317627,0,0,0
19,2024-10-29,10:16:58.656,0,0,0,0,0,0,48.8605726604802,0.000197364214777111,-2.48687091922572,0.000202205716939845,-0.390452633976937,0.000189292885408159,48.7956870574951,0.00206053364136509,22.4534893035889,0,0,0
20,2024-10-29,10:17:00.427,0,0,0,0,0,0,48.8612590459052,0.000588461184639074,-2.48679787826538,0.00058453444356903,-0.388655168651576,0.000524794097192315,48.7963846130367,0.0020528255344309,22.4532146453857,0,0,0
21,2024-10-29,10:17:01.960,0,0,0,0,0,0,48.8611731042467,0.000388404135752915,-2.48700951099396,0.000391428562787528,-0.389515637396831,0.000292857575648794,48.7962819671625,0.00127865775329525,22.4501476287842,0,0,0
22,2024-10-29,10:17:03.591,0,0,0,0,0,0,48.8608663692304,0.000575091588027802,-2.48705034160561,0.000538962277982508,-0.390019268035889,0.000721579079580404,48.795968383788,0.00202772097590768,22.4503192901611,0,0,0
23,2024-10-29,10:17:05.210,0,0,0,0,0,0,48.8606578762422,0.000296116923739198,-2.48715866661013,0.000281662918931853,-0.388546429514885,0.000452952900546231,48.7957680511452,0.00222336032467477,22.4538078308105,0,0,0
24,2024-10-29,10:17:06.839,0,0,0,0,0,0,48.8606850870813,0.000215603728345097,-2.48714743804852,0.000197092224885071,-0.389987036347389,0.000399394838778202,48.7957306365961,0.00185518967524772,22.4563426971436,0,0,0
25,2024-10-29,10:17:08.444,0,0,0,0,0,0,48.8606114972407,0.000136772158986185,-2.48715574073722,0.00012433312653444,-0.389896616695557,0.000488881479310232,48.7957102661133,0.00207704392277592,22.4512825012207,0,0,0
26,2024-10-29,10:17:10.015,0,0,0,0,0,0,48.8605720366921,0.000289751695315773,-2.48706842136225,0.000293824703822544,-0.388958641290665,0.000230635109791957,48.7956871795644,0.00217234535679041,22.4505672454834,0,0,0
27,2024-10-29,10:17:11.608,0,0,0,0,0,0,48.8606696930258,0.000497523879374861,-2.48693719577758,0.000512315837251205,-0.389819020748139,0.000168743397302638,48.795779876709,0.00171134223852864,22.4576740264893,0,0,0
28,2024-10-29,10:17:13.250,0,0,0,0,0,0,48.8609091966409,0.000177266374125205,-2.48711262512207,0.000119330818715786,-0.389581316590309,0.000368567998965448,48.7959640808087,0.00188540896667043,22.4489650726318,0,0,0
29,2024-10-29,10:17:14.835,0,0,0,0,0,0,48.8607373105942,0.000204430661809547,-2.48696996116334,0.000215029407960011,-0.389841173052195,0.000222770894066772,48.7958493652343,0.00234097848239465,22.4502792358398,0,0,0
30,2024-10-29,10:17:16.413,0,0,0,0,0,0,48.8607451095427,0.000422270956510624,-2.48701210784912,0.000408297626228798,-0.38970554625988,0.000239730170435485,48.7958245239244,0.00183009032374459,22.4513568878174,0,0,0
31,2024-10-29,10:17:18.186,0,0,0,0,0,0,48.8607330294581,0.000286435298362367,-2.48697087097168,0.000284405017096786,-0.389246766804444,0.00014582004436299,48.7958454284649,0.00218433738595017,22.4494895935059,0,0,0
32,2024-10-29,10:17:19.784,0,0,0,0,0,0,48.8607096190042,0.000227719513558265,-2.48685291480911,0.0002226456020849,-0.390117110848427,0.000545340946413359,48.7958255615218,0.00223395848150917,22.4613628387451,0,0,0
33,2024-10-29,10:17:21.382,0,0,0,0,0,0,48.860319994997,0.00056942141457484,-2.48677025794818,0.000567288089525554,-0.390373595356294,0.000375339651606991,48.7954423217773,0.00207701223528373,22.4691638946533,0,0,0
34,2024-10-29,10:17:22.962,0,0,0,0,0,0,48.8604504057085,0.000297360016979423,-2.48684467029571,0.000307658882916528,-0.388877792239189,0.00022019156230746,48.7955723266602,0.00227589806389706,22.4704399108887,0,0,0
35,2024-10-29,10:17:24.649,0,0,0,0,0,0,48.8607200563123,0.000270128672149171,-2.48703883934021,0.000246938752821591,-0.39304113984108,0.000623990476466962,48.7958141937256,0.00503875209864622,22.4661769866943,0,0,0
36,2024-10-29,10:17:26.312,0,0,0,0,0,0,48.8608351703904,0.000411926927222154,-2.48724115753117,0.000380813053477805,-0.388455937263956,0.00070493957346944,48.7959247894276,0.00540600242681562,22.4698047637939,0,0,0
37,2024-10-29,10:17:27.991,0,0,0,0,0,0,48.8606871438723,0.000455543476071979,-2.48718544006348,0.000441497650720878,-0.387720966695728,0.000335200814481508,48.7957937164306,0.00328290067522581,22.4729766845703,0,0,0
ProbeModel:"FP-2X-250-ZS30M-15",ProbeSerial:"FP101244",ProbeCalDate:"7-19-2021",ProbeOrientation:"MULTIAXIS",ProbeType:"2Dex",AveragingOn:True,AveragingNum:5,MeasureTime:20,
Num,Date,Time,Xset,Yset,Zset,Xpos,Ypos,Zpos,Bm,BmSD,Bx,BxSD,By,BySD,Bz,BzSD,Temp C,IndexX,IndexY,IndexZ,
1,2024-10-29,11:06:31.395,0,0,0,0,0,0,48.865334737873,8.17197257579191E-05,-2.49117731616974,8.25140806767406E-05,-0.388474750079391,2.46804018683361E-05,48.8002462066651,3.30889257425982E-05,23.0940017700195,0,0,0
2,2024-10-29,11:07:23.172,0,0,0,0,0,0,48.8655887269732,0.000146566458134387,-2.49114573150635,0.000148232553294561,-0.388529616655514,6.66927096707046E-05,48.8005013568098,0.000104405841429254,23.1022834777832,0,0,0
ProbeModel:"FP-2X-250-ZS30M-15",ProbeSerial:"FP101244",ProbeCalDate:"7-19-2021",ProbeOrientation:"MULTIAXIS",ProbeType:"2Dex",AveragingOn:True,AveragingNum:5,MeasureTime:20,
Num,Date,Time,Xset,Yset,Zset,Xpos,Ypos,Zpos,Bm,BmSD,Bx,BxSD,By,BySD,Bz,BzSD,Temp C,IndexX,IndexY,IndexZ,
1,2024-10-29,11:09:41.537,0,0,0,0,0,0,48.8657651503311,0.000238679053876096,-2.49143321990967,0.000233431319224058,-0.388331207990646,0.000411446015128649,48.8006723327627,0.00193627978538441,23.1075038909912,0,0,0
2,2024-10-29,11:09:43.070,0,0,0,0,0,0,48.8657340355879,0.000447629742378061,-2.49139164543152,0.000447294990681763,-0.389015341639519,0.000448104482894706,48.800631072998,0.00206055863103348,23.1043376922607,0,0,0
3,2024-10-29,11:09:44.694,0,0,0,0,0,0,48.8657835610521,0.000233304225207365,-2.49123513603194,0.000241237986289877,-0.389673956394196,0.000345930010836656,48.8006845855713,0.00184604342351658,23.0983753204346,0,0,0
4,2024-10-29,11:09:46.375,0,0,0,0,0,0,48.8657616824634,0.000429031248156287,-2.49125780772978,0.000420884320253847,-0.387979558228135,0.000365913368436225,48.8006677246084,0.00218054384480015,23.095645904541,0,0,0
5,2024-10-29,11:09:48.005,0,0,0,0,0,0,48.8659421304386,0.000146993838224192,-2.49124841785431,0.00013919544318788,-0.388674377560615,0.000446963580332171,48.8008516693099,0.00208413695422348,23.093578338623,0,0,0
6,2024-10-29,11:09:49.651,0,0,0,0,0,0,48.8653326897423,0.000158161618557138,-2.49131563186645,0.000155648227869271,-0.388900688646257,0.00033921805796001,48.8002350311279,0.00189040274904887,23.0911312103271,0,0,0
7,2024-10-29,11:09:51.206,0,0,0,0,0,0,48.865554289779,0.000308531112743681,-2.49092739486694,0.000322975293071406,-0.388304654120033,0.000516515324003741,48.8004788818359,0.00195645694079477,23.0976791381836,0,0,0
8,2024-10-29,11:09:52.896,0,0,0,0,0,0,48.8660217968884,0.000356799649770525,-2.49163775634766,0.000210189342840638,-0.388494868397427,0.000186367363993044,48.8007960357666,0.00144591023679527,23.0988922119141,0,0,0
9,2024-10-29,11:09:54.451,0,0,0,0,0,0,48.8657656511388,0.00023504198162102,-2.49123539829254,0.000247533217694615,-0.389482204675674,0.000341036650953491,48.8006615447991,0.0021312933328408,23.0947341918945,0,0,0
10,2024-10-29,11:09:56.033,0,0,0,0,0,0,48.865692449406,0.000274633225886946,-2.49150898742652,0.000137524344559638,-0.389117599606514,0.000243945555811497,48.8006889190674,0.00161591437391922,23.0962600708008,0,0,0
11,2024-10-29,11:09:57.685,0,0,0,0,0,0,48.8658448058195,0.000253666925436927,-2.49115166568756,0.000245181068558655,-0.387828889488812,0.00017350412967812,48.8008645629883,0.00180617261919336,23.0911712646484,0,0,0
12,2024-10-29,11:09:59.250,0,0,0,0,0,0,48.8657534132104,0.000158682382765246,-2.49132529544752,0.000146716324568848,-0.389416590809822,0.000383910604238322,48.8006538391113,0.00195610030065909,23.0902767181396,0,0,0
13,2024-10-29,11:10:00.837,0,0,0,0,0,0,48.8658581019561,0.000310759041173039,-2.49109097957609,0.000327937738097364,-0.389574574112892,0.000495149887172599,48.8007688446026,0.00170939781299949,23.0978679656982,0,0,0
14,2024-10-29,11:10:02.567,0,0,0,0,0,0,48.8658103622049,0.000255370222137238,-2.49122984790715,0.000445611529700832,-0.387821180701256,0.000278652459251614,48.8009220275879,0.00175560319123239,23.1021919250488,0,0,0
15,2024-10-29,11:10:04.112,0,0,0,0,0,0,48.8656604985864,0.000167150249746102,-2.49108230209174,0.000151931500398146,-0.389264460442471,0.000344742905917758,48.80057421875,0.00176461821427935,23.1051502227783,0,0,0
16,2024-10-29,11:10:05.710,0,0,0,0,0,0,48.8658593304614,0.000288490203310779,-2.49129586601141,0.000291697725201548,-0.389148112295697,0.00034264413256901,48.8007481231689,0.00216203306811387,23.0989837646484,0,0,0
17,2024-10-29,11:10:07.433,0,0,0,0,0,0,48.8659863826742,0.000179093200902383,-2.49129723358027,0.000164428475331139,-0.388480476974946,0.000379286569775177,48.8008911132813,0.00168474927583086,23.0996284484863,0,0,0
18,2024-10-29,11:10:09.063,0,0,0,0,0,0,48.8655413789683,0.000343181928438799,-2.49113887500763,0.000323150530721386,-0.388560017703672,0.00036245784ProbeModel:"FP-2X-250-ZS30M-15",ProbeSerial:"FP101244",ProbeCalDate:"7-19-2021",ProbeOrientation:"MULTIAXIS",ProbeType:"2Dex",AveragingOn:True,AveragingNum:5,MeasureTime:20,
Num,Date,Time,Xset,Yset,Zset,Xpos,Ypos,Zpos,Bm,BmSD,Bx,BxSD,By,BySD,Bz,BzSD,Temp C,IndexX,IndexY,IndexZ,
1,2024-10-29,11:10:58.118,0,0,0,0,0,0,48.8658232726438,0.000614918853833485,-2.49101909351349,0.000625428555293771,-0.389329476356506,0.000336836597190492,48.8007404174805,0.00204142003101857,23.1518688201904,0,0,0
2,2024-10-29,11:10:59.755,0,0,0,0,0,0,48.8655216216968,0.00032059189124142,-2.49117863845786,0.000323406946845144,-0.387713810563087,0.000367725176680466,48.8004367675781,0.00225662262519134,23.1494522094727,0,0,0
3,2024-10-29,11:11:01.310,0,0,0,0,0,0,48.8654358760317,0.000390518798111186,-2.49148035240043,0.000372351491869663,-0.388560529588102,0.000458837412661439,48.8003333435058,0.00146501867848861,23.1575679779053,0,0,0
4,2024-10-29,11:11:02.966,0,0,0,0,0,0,48.8654153214134,0.000240715150559795,-2.49122946548289,0.000255202211407039,-0.389046973108113,0.000278414680836853,48.8003150634766,0.00188589342132564,23.1573009490967,0,0,0
5,2024-10-29,11:11:04.550,0,0,0,0,0,0,48.8657634011036,0.000258745870965562,-2.49094841003418,0.000256311311034969,-0.388373723028681,0.000304649565548275,48.8006882324219,0.00160945279578329,23.1598033905029,0,0,0
6,2024-10-29,11:11:06.114,0,0,0,0,0,0,48.8656788165603,0.000235348896362851,-2.49119369220562,0.00024403505134799,-0.387951928973198,0.000343294047083441,48.8005859680176,0.00201462261852705,23.1653347015381,0,0,0
7,2024-10-29,11:11:07.925,0,0,0,0,0,0,48.8658336834295,0.000219925975397213,-2.49159974288742,0.00021652663369489,-0.389454491972923,0.000367195074373762,48.8007273864746,0.00174364098551728,23.1650199890137,0,0,0
8,2024-10-29,11:11:09.511,0,0,0,0,0,0,48.8658337930916,0.000253148390322315,-2.49113847064972,0.000259175471078998,-0.388252463936806,0.000171787287590988,48.8007494812012,0.00178214756767139,23.1619148254395,0,0,0
9,2024-10-29,11:11:11.174,0,0,0,0,0,0,48.865417784961,0.000149069299463494,-2.49170098114014,0.00014791530302866,-0.388537168024786,0.000222087956691501,48.8003221588135,0.00213219284053674,23.1572494506836,0,0,0
10,2024-10-29,11:11:12.836,0,0,0,0,0,0,48.8657791881011,0.000333012874498414,-2.49127587413788,0.000312565966159638,-0.388813587425238,0.000245372405283453,48.8006805877685,0.00216716772767229,23.1615734100342,0,0,0
11,2024-10-29,11:11:14.396,0,0,0,0,0,0,48.865843306669,0.000474809301069735,-2.49090552330017,0.000269174823423416,-0.389067202567876,0.00022128803377745,48.8009354705799,0.00202998428601961,23.1616840362549,0,0,0
12,2024-10-29,11:11:15.936,0,0,0,0,0,0,48.8660042382721,0.000141023826395927,-2.49171475601164,0.000148551457456866,-0.388814663529396,0.000373574977203926,48.8009119110095,0.00229388885136391,23.1660327911377,0,0,0
13,2024-10-29,11:11:17.497,0,0,0,0,0,0,48.8659735819698,0.00038773147749729,-2.49102770233154,0.000385219541823225,-0.388461940050125,0.000314361737767021,48.800909454344,0.00210490752309917,23.162208557ProbeModel:"FP-2X-250-ZS30M-15",ProbeSerial:"FP101244",ProbeCalDate:"7-19-2021",ProbeOrientation:"MULTIAXIS",ProbeType:"2Dex",AveragingOn:True,AveragingNum:5,MeasureTime:20,
Num,Date,Time,Xset,Yset,Zset,Xpos,Ypos,Zpos,Bm,BmSD,Bx,BxSD,By,BySD,Bz,BzSD,Temp C,IndexX,IndexY,IndexZ,
1,2024-10-29,12:07:19.631,0,0,0,0,0,0,48.868170195262,0.000146671704523051,-2.49289282894131,0.000133096183583734,-0.389941666841507,0.000396205122775241,48.8029860992429,0.00167844260492272,23.563081741333,0,0,0
2,2024-10-29,12:07:25.940,0,0,0,0,0,0,48.8678034554756,0.000227203716255261,-2.49271304416656,0.00023543727559489,-0.389293975234031,0.000281222621099752,48.8026327972396,0.00167909246206925,23.5687122344971,0,0,0
3,2024-10-29,12:07:27.574,0,0,0,0,0,0,48.8675890103308,0.000332033862069221,-2.4924545173645,0.00033258203964887,-0.389671429991722,0.000308350689712806,48.8024300384521,0.00195538966769092,23.5757751464844,0,0,0
4,2024-10-29,12:07:29.256,0,0,0,0,0,0,48.867960184086,0.00032316983173947,-2.49274142742157,0.000315169577519413,-0.389144197821617,0.000272045184507037,48.802790390013,0.00203888848383337,23.5730628967285,0,0,0
5,2024-10-29,12:07:30.830,0,0,0,0,0,0,48.8677921491268,0.000249267304749153,-2.49268304729362,0.000234654052221315,-0.389837632893041,0.000315325948215389,48.802620788573,0.00171890778627562,23.5801811218262,0,0,0
6,2024-10-29,12:07:32.468,0,0,0,0,0,0,48.8683839842557,0.00029913553232316,-2.492420835495,0.000290564408913734,-0.388583016514778,0.000394784967369189,48.803226928711,0.00172219777356016,23.5693054199219,0,0,0
7,2024-10-29,12:07:34.078,0,0,0,0,0,0,48.8683602988675,0.000305774884956108,-2.49251481723619,0.000301841643259072,-0.389465557573888,0.000272960766606839,48.8031968994141,0.00176200600519476,23.5691184997559,0,0,0
8,2024-10-29,12:07:35.731,0,0,0,0,0,0,48.8682987709149,0.000413657623084251,-2.49304211616516,0.000415142615254312,-0.389217535137133,0.000201059522654409,48.8031126708984,0.00195759260111268,23.5722217559814,0,0,0
9,2024-10-29,12:07:37.308,0,0,0,0,0,0,48.8679965268308,0.000342925037295071,-2.49284706687927,0.000340857922525688,-0.389477724074766,0.000282636707711758,48.8028154296854,0.00202037810161474,23.5793914794922,0,0,0
10,2024-10-29,12:07:38.949,0,0,0,0,0,0,48.8677127700037,0.000339622250692506,-2.49280970287209,0.000330146188000497,-0.388242046117595,0.000244600732871458,48.8025473327637,0.00212875839782104,23.5750503540039,0,0,0
11,2024-10-29,12:07:40.604,0,0,0,0,0,0,48.867792892567,0.000240552174864791,-2.49249562644958,0.000243159048812961,-0.389175992845196,0.000267250449266498,48.8026312713608,0.00213691810828969,23.5764579772949,0,0,0
12,2024-10-29,12:07:42.188,0,0,0,0,0,0,48.8676681196232,0.000234345670696283,-2.49258338737488,0.000221557093286723,-0.388942106842995,0.000360900532285841,48.8025020294189,0.00224197416940021,23.5661449432373,0,0,0
13,2024-10-29,12:07:43.905,0,0,0,0,0,0,48.8678728159512,0.00019365934504922,-2.49277243518768,0.000189646479047923,-0.389924544453621,0.000547591441449463,48.8026940307617,0.00180711170527322,23.5730781555176,0,0,0
14,2024-10-29,12:07:45.522,0,0,0,0,0,0,48.8679755442308,0.000120277114160986,-2.49270617485046,0.000130357803701403,-0.388515562653542,0.000326920731243298,48.802806350708,0.00139961266908714,23.5672130584717,0,0,0
15,2024-10-29,12:07:47.104,0,0,0,0,0,0,48.8679995091989,0.000358085491461845,-2.49275564670277,0.000330525868991821,-0.389646303653717,0.000419957897567684,48.8028272399897,0.00224759572592716,23.5749816894531,0,0,0
16,2024-10-29,12:07:48.662,0,0,0,0,0,0,48.867963110793,0.000215658568478896,-2.49254115009308,0.000200893587950927,-0.388686851143837,0.000354467734576634,48.8027975616455,0.00215074257392759,23.5787715911865,0,0,0
17,2024-10-29,12:07:50.338,0,0,0,0,0,0,48.8682351873222,0.000327669619426784,-2.49288071155457,0.000339291732051777,-0.390095393538475,0.000286042038480143,48.8030496520975,0.00200963548377647,23.5775871276855,0,0,0
18,2024-10-29,12:07:51.869,0,0,0,0,0,0,48.867820210251,0.000546037472609513,-2.49283519077301,0.000547920679027611,-0.38876255380713,0.00036576108900671,48.8026483306858,0.0020662131696725,23.5817699432373,0,0,0
19,2024-10-29,12:07:53.493,0,0,0,0,0,0,48.8680898320962,0.000408132882438859,-2.49262561702728,0.000403805513245962,-0.389715136647225,0.000232774851633058,48.8029214324951,0.00175487994716854,23.569450378418,0,0,0
20,2024-10-29,12:07:55.189,0,0,0,0,0,0,48.8683084458154,0.000314618959899662,-2.4926295785899,0.000321523150067618,-0.388857622740654,0.000385716716838395,48.8031415710449,0.00231547612080958,23.5681095123291,0,0,0
21,2024-10-29,12:07:56.741,0,0,0,0,0,0,48.8680897586517,0.000292571513750752,-2.49304430770874,0.000310322206696099,-0.390274310946465,0.000245096158912098,48.8028419494629,0.00184104506622123,23.5671863555908,0,0,0
22,2024-10-29,12:07:58.275,0,0,0,0,0,0,48.8678962416327,0.000136285444382142,-2.49293631839752,0.000144560200857896,-0.389034672140601,0.00040404297592721,48.8027171325676,0.00198415323163685,23.5725135803223,0,0,0
23,2024-10-29,12:07:59.954,0,0,0,0,0,0,48.8677353112546,0.000123103231039246,-2.49270284748078,0.000123519177238184,-0.389575439810753,0.000159463997554963,48.8025679473877,0.00184619536379171,23.5770092010498,0,0,0
24,2024-10-29,12:08:01.537,0,0,0,0,0,0,48.8681549772741,0.000512219050230458,-2.4924790058136,0.000516297568765165,-0.389602786183357,0.000390451623389717,48.8029931945787,0.00226340604909389,23.572380065918,0,0,0
25,2024-10-29,12:08:03.148,0,0,0,0,0,0,48.8679452886234,0.000269290084516431,-2.49290985107422,0.000286392108116402,-0.389272554039366,0.000438675545883133,48.8027683715821,0.0020692230631451,23.5674362182617,0,0,0
26,2024-10-29,12:08:04.745,0,0,0,0,0,0,48.8682754865497,0.000342569915691317,-2.49321597862244,0.000361795181085543,-0.389830731749419,0.00041658923068824,48.8030780944824,0.00170986396818659,23.56809425354,0,0,0
ProbeModel:"FP-2X-250-ZS30M-15",ProbeSerial:"FP101244",ProbeCalDate:"7-19-2021",ProbeOrientation:"MULTIAXIS",ProbeType:"2Dex",AveragingOn:True,AveragingNum:5,MeasureTime:20,
Num,Date,Time,Xset,Yset,Zset,Xpos,Ypos,Zpos,Bm,BmSD,Bx,BxSD,By,BySD,Bz,BzSD,Temp C,IndexX,IndexY,IndexZ,
1,2024-10-29,02:09:51.955,0,0,0,0,0,0,48.8703717741128,0.000380358092857805,-2.49596503924974,0.000369683429846045,-0.39023986661238,0.000263665058799693,48.8050280303955,0.0025131339187997,24.1995086669922,0,0,0
2,2024-10-29,02:09:53.591,0,0,0,0,0,0,48.8701841612033,0.000421147812534501,-2.49588951110707,0.000412226008745235,-0.391752259373665,0.000473036368961895,48.8048382110596,0.00257582787051691,24.1978626251221,0,0,0
3,2024-10-29,02:09:55.243,0,0,0,0,0,0,48.8703486566946,0.000302378709336232,-2.4961292829502,0.000324794640805754,-0.390442248701552,0.000585943486225949,48.8050313110352,0.00247163353004296,24.2012176513672,0,0,0
4,2024-10-29,02:09:57.005,0,0,0,0,0,0,48.8703797121576,0.000362422376354116,-2.49621149825837,0.000372210498562548,-0.393012489079607,0.000254179520687684,48.8050225219725,0.00255518651398566,24.201940536499,0,0,0
5,2024-10-29,02:09:58.663,0,0,0,0,0,0,48.8702353517228,0.000346666918103265,-2.49628449821472,0.0003610645325025,-0.391796510696007,0.000481612066746794,48.8048742828369,0.00239543803643491,24.2001533508301,0,0,0
6,2024-10-29,02:10:00.356,0,0,0,0,0,0,48.8701756151928,0.000312340027971766,-2.49562606811523,0.000299179130172343,-0.392009355902672,0.000345422068988353,48.8048422546381,0.003237525233689,24.2086334228516,0,0,0
7,2024-10-29,02:10:01.969,0,0,0,0,0,0,48.8701331540504,0.000289481321123738,-2.49588234519959,0.000293367918328749,-0.390567959187548,0.000309430726396952,48.8047905883789,0.00266782199692261,24.2122993469238,0,0,0
8,2024-10-29,02:10:03.578,0,0,0,0,0,0,48.8703091191546,0.000285608987953501,-2.49598961257934,0.000319730133115813,-0.392116558432579,0.000301202352031964,48.8049778594971,0.00280175822437587,24.2121295928955,0,0,0
9,2024-10-29,02:10:05.242,0,0,0,0,0,0,48.8705070487324,0.000328475222337126,-2.49584320068307,0.00031980213350341,-0.391110835312704,0.000264381395161225,48.8051634216307,0.00261891478496522,24.208553314209,0,0,0
10,2024-10-29,02:10:06.950,0,0,0,0,0,0,48.8706040736708,0.000363559157726534,-2.49608618068695,0.000337342421491774,-0.391363514900208,0.000455911503865088,48.8052406921387,0.00316169426764168,24.2124328613281,0,0,0
11,2024-10-29,02:10:08.630,0,0,0,0,0,0,48.8701931209826,0.000309256609857986,-2.4962903175354,0.000325933775586064,-0.391964041352272,0.000305482108266171,48.8048307647676,0.00257862619656122,24.2140121459961,0,0,0
12,2024-10-29,02:10:10.265,0,0,0,0,0,0,48.8703902922038,0.000474324869600348,-2.49576885414124,0.000487576392611346,-0.391555240153657,0.000267196718262329,48.8050452575684,0.00267414146057332,24.2166023254395,0,0,0
13,2024-10-29,02:10:11.805,0,0,0,0,0,0,48.8698247541118,0.000482859524471096,-2.4959197473526,0.000483572920239911,-0.391652595043183,0.000342277090774469,48.8044787902832,0.00254539429015198,24.2171001434326,0,0,0
14,2024-10-29,02:10:13.411,0,0,0,0,0,0,48.8700469203757,0.000141760148675068,-2.49628745746613,0.000153501178424214,-0.391553691864014,0.000237103674408104,48.8047065124512,0.00259131170067456,24.2170372009277,0,0,0
15,2024-10-29,02:10:15.053,0,0,0,0,0,0,48.8702865486179,0.000203626801466137,-2.49580445194239,0.000200904881872414,-0.390339474081993,0.000250211711041864,48.8049535980225,0.00260918128512746,24.219259262085,0,0,0
16,2024-10-29,02:10:16.637,0,0,0,0,0,0,48.8703407872152,0.000351296094122604,-2.49587167835148,0.000345679538387649,-0.391785856246948,0.000263203767307546,48.8049925537109,0.00257787359774513,24.2167720794678,0,0,0
17,2024-10-29,02:10:18.264,0,0,0,0,0,0,48.8698747117667,0.000357165782954767,-2.49599204730988,0.000321783342128285,-0.390537328360612,0.00045919015229447,48.8045324249268,0.00303110403909223,24.2186241149902,0,0,0
18,2024-10-29,02:10:19.894,0,0,0,0,0,0,48.8705451997248,0.000415719051176765,-2.49612462425232,0.000408801408420518,-0.391340762019157,0.000289482164685276,48.8051926269504,0.00290036491647917,24.2196140289307,0,0,0
19,2024-10-29,02:10:21.515,0,0,0,0,0,0,48.8705119851522,0.000274455731700978,-2.49619294643402,0.000256701111771264,-0.39107598197393,0.000668924704223018,48.8051578826904,0.00216869152156209,24.2216377258301,0,0,0
20,2024-10-29,02:10:23.189,0,0,0,0,0,0,48.8702369965407,0.000280978149723588,-2.49600426006317,0.00030473410528427,-0.392105882048607,0.000278369191281046,48.8048824157702,0.00247501431121882,24.2293834686279,0,0,0
21,2024-10-29,02:10:24.741,0,0,0,0,0,0,48.8705725819561,0.000303775269186039,-2.49612957763672,0.000286470553083849,-0.391318917035787,0.000395881803360506,48.805212890625,0.00279199675724503,24.2292785644531,0,0,0
22,2024-10-29,02:10:26.332,0,0,0,0,0,0,48.870315598782,0.000185236682071273,-2.49602641677731,0.000287468549812601,-0.39184859931469,0.000178795563075872,48.8047990417457,0.00263890994432609,24.2318420410156,0,0,0
23,2024-10-29,02:10:27.948,0,0,0,0,0,0,48.8704539632037,0.000282746569346181,-2.49631169700623,0.00029442310349193,-0.390480491042137,0.000336125464128991,48.8050924835205,0.00196022258970507,24.2330112457275,0,0,0
24,2024-10-29,02:10:29.661,0,0,0,0,0,0,48.8701166548073,0.00026408804176405,-2.49597159385681,0.000266840874060426,-0.391699294088947,0.000605507011354053,48.8047673034668,0.00253136959871559,24.2420177459717,0,0,0
25,2024-10-29,02:10:31.208,0,0,0,0,0,0,48.8702949364656,0.000340139944291339,-2.49583216953278,0.000328229433716294,-0.390518084287643,0.000475276066550358,48.8049483184775,0.00243280634424515,24.2431240081787,0,0,0
26,2024-10-29,02:10:32.953,0,0,0,0,0,0,48.8701793133688,0.000271222677112401,-2.49550817680359,0.000286635288000031,-0.391342780707354,0.000462590656484248,48.8048536682129,0.00291583078258135,24.2395896911621,0,0,0
27,2024-10-29,02:10:34.762,0,0,0,0,0,0,48.8701750139117,0.000249275502560602,-2.49583108520508,0.000258953442187744,-0.391704459309228,0.000431419177807225,48.8048343048096,0.00168147384218163,24.2416648864746,0,0,0
28,2024-10-29,02:10:36.361,0,0,0,0,0,0,48.8700849254306,0.000355954838545967,-2.49597968101306,0.00037421499263712,-0.390402444720268,0.000442687492534904,48.8047370910631,0.00272611894867513,24.23903465271,0,0,0
29,2024-10-29,02:10:37.922,0,0,0,0,0,0,48.8703917140731,0.000431845217309965,-2.49606294250361,0.000411985615506465,-0.392103470802307,0.000515912282669325,48.8050367889404,0.00264819694883992,24.2428359985352,0,0,0
30,2024-10-29,02:10:39.538,0,0,0,0,0,0,48.8702774990405,0.000153462330538218,-2.49588410377502,0.000150943364841139,-0.390787517905235,0.00036323272762834,48.8049411773682,0.00278038257543766,24.2447681427002,0,0,0
31,2024-10-29,02:10:41.221,0,0,0,0,0,0,48.8704723778154,0.000223723097168234,-2.49600839328766,0.000233526439450983,-0.391374321103096,0.000198848592348569,48.8050653533918,0.00322438195127259,24.2396774291992,0,0,0
32,2024-10-29,02:10:42.942,0,0,0,0,0,0,48.8704665584857,0.000562767877696458,-2.49574318122864,0.000535696128261749,-0.39073639690726,0.000516037874534254,48.8051357574463,0.00231848912389313,24.2389831542969,0,0,0
33,2024-10-29,02:10:44.617,0,0,0,0,0,0,48.8705548219867,0.000261610848702382,-2.49560888767242,0.000261447026588272,-0.391260828614201,0.000590164118361635,48.8052334289551,0.0025908479036765,24.2431793212891,0,0,0
34,2024-10-29,02:10:46.371,0,0,0,0,0,0,48.8702952351511,0.000331876728009505,-2.49576980781555,0.000329622120954267,-0.390462355256081,0.00042152844510383,48.8049509277333,0.00251395220590373,24.2482929229736,0,0,0
35,2024-10-29,02:10:47.946,0,0,0,0,0,0,48.8698160996922,0.000328161892501415,-2.49615549278259,0.000317019476432238,-0.39121236383731,0.00025760394354674,48.8044456176758,0.0027969122984561,24.2415332794189,0,0,0
36,2024-10-29,02:10:49.546,0,0,0,0,0,0,48.8705539446561,0.000470342291560266,-2.49624011993408,0.00044056659330972,-0.390633102653939,0.000538410763413995,48.8051978607159,0.00240752238023941,24.2412719726563,0,0,0
ProbeModel:"FP-2X-250-ZS30M-15",ProbeSerial:"FP101244",ProbeCalDate:"7-19-2021",ProbeOrientation:"MULTIAXIS",ProbeType:"2Dex",AveragingOn:False,AveragingNum:5,MeasureTime:20,
Num,Date,Time,Xset,Yset,Zset,Xpos,Ypos,Zpos,Bm,BmSD,Bx,BxSD,By,BySD,Bz,BzSD,Temp C,IndexX,IndexY,IndexZ,
1,2024-10-30,08:47:33.819,0,0,0,-0.00012,-0.00012,0,48.8662160409823,0,-2.4859956932,0,-0.396082814335823,0,48.8013320922852,0,24.1372585296631,50,50,0
2,2024-10-30,08:47:33.992,0,0,0,-0.00012,-0.00012,0,48.8653842834879,0,-2.483631772995,0,-0.395575763583183,0,48.800640335083,0,24.1342067718506,50,50,0
3,2024-10-30,08:47:34.300,0,0,0,-9E-05,-9E-05,0,48.8665921118608,0,-2.48437031269073,0,-0.399798913,0,48.80180809021,0,24.1311950683594,50,50,0
4,2024-10-30,08:47:34.598,0,0,0,-9E-05,-9E-05,0,48.866279051526,0,-2.4838777589798,0,-0.398030594587326,0,48.801474609375,0,24.1339435577393,50,50,0
5,2024-10-30,08:47:34.894,0,0,0,-0.0001,-0.0001,0,48.8659849203,0,-2.48389979362488,0,-0.391159371137619,0,48.801242980957,0,24.1340732574463,50,50,0
6,2024-10-30,08:47:35.223,0,0,0,-0.0001,-0.0001,0,48.8663031430413,0,-2.48426847457886,0,-0.397062665820122,0,48.8015172576904,0,24.1297740936279,50,50,0
7,2024-10-30,08:47:35.536,0,0,0,-3E-05,-3E-05,0,48.8663027201704,0,-2.4842503643,0,-0.399877066612244,0,48.8014768218994,0,24.1288547515869,50,50,0
8,2024-10-30,08:47:35.929,0,0,0,-3E-05,-3E-05,0,48.8662845316349,0,-2.48361337661743,0,-0.391491207480431,0,48.8015342712402,0,24.1287498474121,50,50,0
9,2024-10-30,08:47:36.240,0,0,0,-3E-05,-3E-05,0,48.8660229075944,0,-2.4842490196228,0,-0.394255314469338,0,48.8012424468994,0,24.1281986236572,50,50,0
10,2024-10-30,08:47:36.633,0,0,0,-3E-05,-3E-05,0,48.8656650543782,0,-2.48498951435089,0,-0.400236536860466,0,48.8007977294922,0,24.1302223205566,50,50,0
11,2024-10-30,08:47:36.946,0,0,0,-3E-05,0,0,48.8654534046,0,-2.4843077135,0,-0.394116832017899,0,48.8006703186,0,24.1312618255615,50,50,0
12,2024-10-30,08:47:37.307,0,0,0,0,0,0,48.8661325479634,0,-2.48399589538574,0,-0.394988219738007,0,48.8013794708252,0,24.1301307678223,50,50,0
13,2024-10-30,08:47:37.637,0,0,0,0,0,0,48.8660061578118,0,-2.48504422664642,0,-0.400565125346184,0,48.8011338043213,0,24.1309337615967,50,50,0
14,2024-10-30,08:47:38.011,0,0,0,0,0,0,48.8655403278,0,-2.48396558761597,0,-0.392766058444977,0,48.8007741546631,0,24.1324462890625,50,50,0
15,2024-10-30,08:47:38.339,0,0,0,0,0,0,48.866482861545,0,-2.48445345401764,0,-0.393435706496239,0,48.80169921875,0,24.1308517456055,50,50,0
16,2024-10-30,08:47:38.682,0,0,0,0,0,0,48.8662160173364,0,-2.4848789358139,0,-0.400040966272354,0,48.8013566589355,0,24.1278285980225,50,50,0
17,2024-10-30,08:47:39.169,0,0,0,0,0,0,48.8663110685632,0,-2.48379917144775,0,-0.392979465723038,0,48.8015641784668,0,24.1330757141113,50,50,0
18,2024-10-30,08:47:39.469,0,0,0,0,0,0,48.8654480578896,0,-2.4839569807,0,-0.39451186478138,0,48.8006796264648,0,24.1338500976563,50,50,0
19,2024-10-30,08:47:39.812,0,0,0,0,0,0,48.8662657061128,0,-2.48486379146576,0,-0.400647832155228,0,48.8014022064209,0,24.133602142334,50,50,0
20,2024-10-30,08:47:40.188,0,0,0,0,0,0,48.8656484517386,0,-2.4845403099,0,-0.395434452295303,0,48.8008431243897,0,24.1266613006592,50,50,0
21,2024-10-30,08:47:40.502,0,0,0,0,0,0,48.8666487931,0,-2.48473028659821,0,-0.394031946063042,0,48.8018464660645,0,24.1237392425537,50,50,0
22,2024-10-30,08:47:40.801,0,0,0,0,0,0,48.8660989632531,0,-2.48464150905609,0,-0.400962800383568,0,48.8012439727783,0,24.1204509735107,50,50,0
23,2024-10-30,08:47:41.139,0,0,0,0,0,0,48.8656031169785,0,-2.48426270961762,0,-0.397512027025223,0,48.8007949829102,0,24.1246738433838,50,50,0
24,2024-10-30,08:47:41.438,0,0,0,0,0,0,48.8660409377133,0,-2.48373835086823,0,-0.392146889567375,0,48.8013034820557,0,24.1272640228271,50,50,0
25,2024-10-30,08:47:41.799,0,0,0,0,0,0,48.8659576662292,0,-2.48470866203308,0,-0.39684400677681,0,48.8011327362,0,24.1224250793457,50,50,0
26,2024-10-30,08:47:42.112,0,0,0,0,0,0,48.866330775446,0,-2.48394792556763,0,-0.398580704927445,0,48.8015309143,0,24.1170310974121,50,50,0
27,2024-10-30,08:47:42.409,0,0,0,0,0,0,48.8663844951367,0,-2.48405435562134,0,-0.391746526956558,0,48.8015908050537,0,24.1213970184326,50,50,0
28,2024-10-30,08:47:42.739,0,0,0,0,0,0,48.8653155269157,0,-2.48458770751953,0,-0.395309262275696,0,48.8005218505859,0,24.1240291595459,50,50,0
29,2024-10-30,08:47:43.180,0,0,0,0,0,0,48.8658570354156,0,-2.48403531074524,0,-0.400658839344978,0,48.8010350799561,0,24.1252517700195,50,50,0
30,2024-10-30,08:47:43.491,0,0,0,0,0,0,48.8664671293164,0,-2.48446917057037,0,-0.393956170678139,0,48.8016784667969,0,24.1236476898193,50,50,0
31,2024-10-30,08:47:43.820,0,0,0,0,0,0,48.8649965294597,0,-2.48444157123566,0,-0.395634756088257,0,48.8001973724365,0,24.1228847503662,50,50,0
32,2024-10-30,08:47:44.132,0,0,0,0,0,0,48.866230548962,0,-2.48506673336029,0,-0.400509606599808,0,48.8013578033447,0,24.1242141723633,50,50,0
33,2024-10-30,08:47:44.446,0,0,0,0,0,0,48.8657662540508,0,-2.48440498828888,0,-0.396557145118713,0,48.8009588623,0,24.1250286102295,50,50,0
34,2024-10-30,08:47:44.776,0,0,0,0,0,0,48.8662997362449,0,-2.48418491363525,0,-0.392001606822014,0,48.8015410614,0,24.1227149963379,50,50,0
35,2024-10-30,08:47:45.056,0,0,0,0,0,0,48.865549378721,0,-2.48409193992615,0,-0.398070301413536,0,48.8007453155518,0,24.1214237213135,50,50,0
36,2024-10-30,08:47:45.463,0,0,0,0,0,0,48.8656265851524,0,-2.48416971206665,0,-0.397931127548218,0,48.8008047485352,0,24.1221866607666,50,50,0
37,2024-10-30,08:47:45.747,0,0,0,0,0,0,48.8661135665,0,-2.48359001636505,0,-0.3923573476,0,48.8013820648193,0,24.1174144744873,50,50,0
38,2024-10-30,08:47:46.076,0,0,0,0,0,0,48.8660632714592,0,-2.48456921577454,0,-0.395858453512192,0,48.8012535858154,0,24.1156520843506,50,50,0
39,2024-10-30,08:47:46.592,0,0,0,0,0,0,48.8653349702186,0,-2.48443997859955,0,-0.395261452198029,0,48.800535736084,0,24.1177291870117,50,50,0
40,2024-10-30,08:47:46.918,0,0,0,0,0,0,48.8658484448468,0,-2.48387292385101,0,-0.391792191267014,0,48.8011170196533,0,24.1188106536865,50,50,0
41,2024-10-30,08:47:47.280,0,0,0,0,0,0,48.8656363698309,0,-2.48451188564301,0,-0.399410371780395,0,48.8008000946,0,24.1158103942871,50,50,0
42,2024-10-30,08:47:47.579,0,0,0,0,0,0,48.8663128968588,0,-2.48418330192566,0,-0.3998147726,0,48.8014909362793,0,24.1156902313232,50,50,0
43,2024-10-30,08:47:47.859,0,0,0,0,0,0,48.866255653851,0,-2.4840466594696,0,-0.3936950463,0,48.8014903259277,0,24.1136283874512,50,50,0
44,2024-10-30,08:47:48.218,0,0,0,0,0,0,48.8655091798383,0,-2.48441120147705,0,-0.39685599565506,0,48.8007092285156,0,24.1073684692383,50,50,0
45,2024-10-30,08:47:48.532,0,0,0,0,0,0,48.8661524791875,0,-2.48485206127167,0,-0.401026513576508,0,48.801286315918,0,24.1082630157471,50,50,0
46,2024-10-30,08:47:48.922,0,0,0,0,0,0,48.8656376812559,0,-2.4839629650116,0,-0.393526656627655,0,48.8008771514893,0,24.1086311340332,50,50,0
47,2024-10-30,08:47:49.282,0,0,0,0,0,0,48.8658175500527,0,-2.48483843326569,0,-0.3948634243,0,48.8010018920899,0,24.113037109375,50,50,0
48,2024-10-30,08:47:49.562,0,0,0,0,0,0,48.8652224895,0,-2.48435369968414,0,-0.400063004493713,0,48.8003798675537,0,24.1115493774414,50,50,0
49,2024-10-30,08:47:49.938,0,0,0,0,0,0,48.8657107831912,0,-2.48432818889618,0,-0.393856824040413,0,48.8009257507324,0,24.1082096099854,50,50,0
50,2024-10-30,08:47:50.297,0,0,0,0,0,0,48.8658975263738,0,-2.4837120676,0,-0.393533657193184,0,48.8011500549316,0,24.1073303222656,50,50,0
51,2024-10-30,08:47:50.611,0,0,0,0,0,0,48.8650267095553,0,-2.48426089286804,0,-0.400036922693253,0,48.8001997375488,0,24.1053028106689,50,50,0
52,2024-10-30,08:47:50.973,0,0,0,0,0,0,48.8666156066402,0,-2.48363963603973,0,-0.395396228432655,0,48.8010619354248,0,24.1079730987549,50,50,0
53,2024-10-30,08:47:51.328,0,0,0,0,0,0,48.8661682802,0,-2.48364397525787,0,-0.39386145055294,0,48.8014360046387,0,24.108118057251,50,50,0
54,2024-10-30,08:47:51.657,0,0,0,0,0,0,48.8658313343,0,-2.4843133687973,0,-0.399366545677185,0,48.8010057830811,0,24.1046085357666,50,50,0
55,2024-10-30,08:47:51.952,0,0,0,0,0,0,48.8660320935276,0,-2.48419017791748,0,-0.397357856035233,0,48.8012294769287,0,24.1043434143066,50,50,0
56,2024-10-30,08:47:52.279,0,0,0,0,0,0,48.8661519441,0,-2.48341991901398,0,-0.392073979973793,0,48.801431427,0,24.1037139892578,50,50,0
57,2024-10-30,08:47:52.653,0,0,0,0,0,0,48.8651757020188,0,-2.48455480575562,0,-0.398418589830399,0,48.8003981018,0,24.10715675354,50,50,0
58,2024-10-30,08:47:52.999,0,0,0,0,0,0,48.8658865752897,0,-2.4845501995,0,-0.39908661544323,0,48.8010513305664,0,24.10719871521,50,50,0
59,2024-10-30,08:47:53.328,0,0,0,0,0,0,48.8652862104627,0,-2.48365271568298,0,-0.391592973470688,0,48.8005374908447,0,24.1081047058105,50,50,0
60,2024-10-30,08:47:53.817,0,0,0,0,0,0,48.8656348799,0,-2.48535976409912,0,-0.401062082648277,0,48.8007418823242,0,24.1064720153809,50,50,0
61,2024-10-30,08:47:54.113,0,0,0,0,0,0,48.8659325628,0,-2.48431287765503,0,-0.397059462666512,0,48.800679397583,0,24.1029644012451,50,50,0
62,2024-10-30,08:47:54.441,0,0,0,0,0,0,48.8660150178482,0,-2.48410233974457,0,-0.391148517131805,0,48.8012670135498,0,24.1037273406982,50,50,0
63,2024-10-30,08:47:54.738,0,0,0,0,0,0,48.8658003803569,0,-2.48429862976074,0,-0.396912476420403,0,48.8009955596924,0,24.1048583984375,50,50,0
64,2024-10-30,08:47:55.050,0,0,0,0,0,0,48.8654332679719,0,-2.48461072921753,0,-0.400419627428055,0,48.8005834197998,0,24.1040019989014,50,50,0
65,2024-10-30,08:47:55.350,0,0,0,0,0,0,48.8654564630338,0,-2.48486505031586,0,-0.393750262856483,0,48.8006479644775,0,24.1026477813721,50,50,0
66,2024-10-30,08:47:55.692,0,0,0,0,0,0,48.8657363470202,0,-2.4849555015564,0,-0.395321381688118,0,48.800924911499,0,24.1016483306885,50,50,0
67,2024-10-30,08:47:55.986,0,0,0,0,0,0,48.865705603069,0,-2.4845240020752,0,-0.401091578,0,48.800864944458,0,24.1017398834229,50,50,0
68,2024-10-30,08:47:56.331,0,0,0,0,0,0,48.8660333998383,0,-2.48414209842682,0,-0.394486362934113,0,48.8012272644,0,24.1001358032227,50,50,0
69,2024-10-30,08:47:56.691,0,0,0,0,0,0,48.8663356551,0,-2.48387665271759,0,-0.392543394565582,0,48.8015883636475,0,24.0984020233154,50,50,0
70,2024-10-30,08:47:57.001,0,0,0,0,0,0,48.8663610030754,0,-2.48452970981598,0,-0.400262020230293,0,48.8014984130859,0,24.1003189086914,50,50,0
71,2024-10-30,08:47:57.329,0,0,0,0,0,0,48.8659675909984,0,-2.48421711444855,0,-0.397820999622345,0,48.8011597442627,0,24.1036205291748,50,50,0
72,2024-10-30,08:47:57.671,0,0,0,0,0,0,48.8658226695361,0,-2.48431190013886,0,-0.39276985168457,0,48.8010507202149,0,24.1038970947266,50,50,0
73,2024-10-30,08:47:58.003,0,0,0,0,0,0,48.8658862734423,0,-2.4848056268692,0,-0.396518186330795,0,48.8010589599609,0,24.1021347045898,50,50,0
74,2024-10-30,08:47:58.302,0,0,0,0,0,0,48.8652529232786,0,-2.48452756881714,0,-0.399409871697426,0,48.8004153442383,0,24.10373878479,50,50,0
75,2024-10-30,08:47:58.617,0,0,0,0,0,0,48.8663426785472,0,-2.48496000766754,0,-0.39329474568367,0,48.8015341949463,0,24.1070518493652,50,50,0
76,2024-10-30,08:47:58.948,0,0,0,0,0,0,48.8656887525884,0,-2.48442320346832,0,-0.39331099152565,0,48.8009066009521,0,24.1060791015625,50,50,0
77,2024-10-30,08:47:59.247,0,0,0,0,0,0,48.8657889577843,0,-2.48443298339844,0,-0.400502406358719,0,48.8009479522705,0,24.102502822876,50,50,0
78,2024-10-30,08:47:59.558,0,0,0,0,0,0,48.8659311248887,0,-2.48352663516998,0,-0.39736246585846,0,48.801162109375,0,24.1056346893311,50,50,0
79,2024-10-30,08:47:59.869,0,0,0,0,0,0,48.865936451859,0,-2.48375303268433,0,-0.393129317760468,0,48.8012038421631,0,24.1060676574707,50,50,0
80,2024-10-30,08:48:00.185,0,0,0,0,0,0,48.8657140318218,0,-2.48436180591583,0,-0.399071943759918,0,48.8009050750732,0,24.1058444976807,50,50,0
81,2024-10-30,08:48:00.470,0,0,0,0,0,0,48.8663210549116,0,-2.4844332075119,0,-0.398266240954399,0,48.8014767456,0,24.1085910797119,50,50,0
82,2024-10-30,08:48:00.797,0,0,0,0,0,0,48.8660518752973,0,-2.48397480487823,0,-0.39200048327446,0,48.8012875366211,0,24.1059474945068,50,50,0
83,2024-10-30,08:48:01.123,0,0,0,0,0,0,48.8660192936596,0,-2.48455143451691,0,-0.395209958553314,0,48.8014491271973,0,24.1038703918457,50,50,0
84,2024-10-30,08:48:01.467,0,0,0,0,0,0,48.8656530484314,0,-2.48438100814819,0,-0.40124471783638,0,48.8008084106445,0,24.0997276306152,50,50,0
85,2024-10-30,08:48:01.765,0,0,0,0,0,0,48.8654349523488,0,-2.48349533081055,0,-0.3967418617,0,48.8006719207764,0,24.0939693450928,50,50,0
86,2024-10-30,08:48:02.080,0,0,0,0,0,0,48.8664135626981,0,-2.4843182373,0,-0.393376088142395,0,48.8016516113281,0,24.1001758575439,50,50,0
87,2024-10-30,08:48:02.455,0,0,0,0,0,0,48.8659753184,0,-2.4847756958,0,-0.3998150599,0,48.8011507415771,0,24.1032676696777,50,50,0
88,2024-10-30,08:48:02.844,0,0,0,0,0,0,48.8657718573259,0,-2.4842650270462,0,-0.39693187057972,0,48.8009685516357,0,24.1021614074707,50,50,0
89,2024-10-30,08:48:03.140,0,0,0,0,0,0,48.8658428388478,0,-2.48363569259644,0,-0.392588279247284,0,48.8011067962647,0,24.0979156494141,50,50,0
90,2024-10-30,08:48:03.456,0,0,0,0,0,0,48.8656259060538,0,-2.48460379123688,0,-0.397104381322861,0,48.8008037567139,0,24.0993347167969,50,50,0
91,2024-10-30,08:48:03.768,0,0,0,0,0,0,48.8658265961702,0,-2.48446558952332,0,-0.399573847055435,0,48.8009915924,0,24.1025562286377,50,50,0
92,2024-10-30,08:48:04.048,0,0,0,0,0,0,48.8659085915134,0,-2.48380339622498,0,-0.392608230113983,0,48.8011639404297,0,24.1046981811523,50,50,0
93,2024-10-30,08:48:04.422,0,0,0,0,0,0,48.8656293406571,0,-2.48425932884216,0,-0.396696082949638,0,48.8008467102,0,24.1022262573242,50,50,0
94,2024-10-30,08:48:04.719,0,0,0,0,0,0,48.8664072538913,0,-2.48363756656647,0,-0.399968183040619,0,48.8016119384766,0,24.1004905700684,50,50,0
95,2024-10-30,08:48:05.019,0,0,0,0,0,0,48.8662614900322,0,-2.48408275127411,0,-0.39547910451889,0,48.8000559234619,0,24.101318359375,50,50,0
96,2024-10-30,08:48:05.361,0,0,0,0,0,0,48.8662418507231,0,-2.4844067192,0,-0.392668555378914,0,48.8014664459229,0,24.103343963623,50,50,0
97,2024-10-30,08:48:05.656,0,0,0,0,0,0,48.8656005694827,0,-2.48473541736603,0,-0.399214228391647,0,48.8007544708252,0,24.1048812866211,50,50,0
98,2024-10-30,08:48:05.955,0,0,0,0,0,0,48.86631423476,0,-2.48389624118805,0,-0.399200397133827,0,48.8015119171143,0,24.1012916564941,50,50,0
99,2024-10-30,08:48:06.279,0,0,0,0,0,0,48.8660118098625,0,-2.48416934013367,0,-0.392442771196365,0,48.80125,0,24.1072235107422,50,50,0
100,2024-10-30,08:48:06.576,0,0,0,0,0,0,48.8663774899931,0,-2.4845329618454,0,-0.3966263622,0,48.8015811920166,0,24.1078395843506,50,50,0
101,2024-10-30,08:48:06.869,0,0,0,0,0,0,48.8664339758426,0,-2.48384799003601,0,-0.401532227396965,0,48.8016151428223,0,24.1041851043701,50,50,0
102,2024-10-30,08:48:07.231,0,0,0,0,0,0,48.8656720507654,0,-2.48406518936157,0,-0.393219005465507,0,48.8008815765381,0,24.1065292358398,50,50,0
103,2024-10-30,08:48:07.576,0,0,0,0,0,0,48.8662394845802,0,-2.48466329574585,0,-0.393262919783592,0,48.8014462280273,0,24.1105117797852,50,50,0
104,2024-10-30,08:48:07.887,0,0,0,0,0,0,48.8656638450562,0,-2.48394414424896,0,-0.400166060328484,0,48.8008529663,0,24.1031093597412,50,50,0
105,2024-10-30,08:48:08.200,0,0,0,0,0,0,48.8654571560753,0,-2.48484920978546,0,-0.395095647573471,0,48.8006478881836,0,24.1012535095215,50,50,0
106,2024-10-30,08:48:08.499,0,0,0,0,0,0,48.8654310101354,0,-2.48471670627594,0,-0.391953437328339,0,48.8006381988525,0,24.1008968353271,50,50,0
107,2024-10-30,08:48:08.842,0,0,0,0,0,0,48.8658508469684,0,-2.4849347114563,0,-0.397642339468002,0,48.8010077667236,0,24.1056346893311,50,50,0
108,2024-10-30,08:48:09.157,0,0,0,0,0,0,48.8652973045419,0,-2.48444129467011,0,-0.400043783783913,0,48.800458984375,0,24.1088676452637,50,50,0
109,2024-10-30,08:48:09.500,0,0,0,0,0,0,48.8657693377237,0,-2.48321430683136,0,-0.392876445651054,0,48.8010523223877,0,24.1064605712891,50,50,0
110,2024-10-30,08:48:09.798,0,0,0,0,0,0,48.8659261743898,0,-2.48353915214539,0,-0.395720228552818,0,48.801187210083,0,24.1053695678711,50,50,0
111,2024-10-30,08:48:10.159,0,0,0,0,0,0,48.8661339303208,0,-2.48464374542236,0,-0.400547999739647,0,48.8012931823731,0,24.1046733856201,50,50,0
112,2024-10-30,08:48:10.473,0,0,0,0,0,0,48.8662411529,0,-2.48348024845123,0,-0.393400042057037,0,48.801494140625,0,24.102108001709,50,50,0
113,2024-10-30,08:48:10.820,0,0,0,0,0,0,48.8658669048641,0,-2.48379781723022,0,-0.3939799261,0,48.8010897827149,0,24.1010036468506,50,50,0
114,2024-10-30,08:48:11.130,0,0,0,0,0,0,48.8661870826905,0,-2.48472738742828,0,-0.3991687107,0,48.8013425445557,0,24.1017932891846,50,50,0
115,2024-10-30,08:48:11.470,0,0,0,0,0,0,48.8659560798676,0,-2.48459069728851,0,-0.396692943572998,0,48.801138381958,0,24.1039390563965,50,50,0
116,2024-10-30,08:48:11.812,0,0,0,0,0,0,48.8666208152981,0,-2.48435440063477,0,-0.392247967123985,0,48.8018519592285,0,24.1026878356934,50,50,0
117,2024-10-30,08:48:12.156,0,0,0,0,0,0,48.8657911927696,0,-2.48449305534363,0,-0.399359627962113,0,48.8009564971924,0,24.1032676696777,50,50,0
118,2024-10-30,08:48:12.471,0,0,0,0,0,0,48.8658937614234,0,-2.48430296421051,0,-0.396809589266777,0,48.8010737609863,0,24.1076984405518,50,50,0
119,2024-10-30,08:48:12.770,0,0,0,0,0,0,48.8662647303775,0,-2.48418954849243,0,-0.391728259921074,0,48.8014981842,0,24.1082496643066,50,50,0
120,2024-10-30,08:48:13.080,0,0,0,0,0,0,48.8659735588602,0,-2.48444310665131,0,-0.3969217813,0,48.8011842346191,0,24.1051864624023,50,50,0
121,2024-10-30,08:48:13.409,0,0,0,0,0,0,48.8664431383461,0,-2.48469015598297,0,-0.400600600242615,0,48.801585083,0,24.1037139892578,50,50,0
122,2024-10-30,08:48:13.756,0,0,0,0,0,0,48.8663595610935,0,-2.48398446083069,0,-0.393999184370041,0,48.801583480835,0,24.1039505004883,50,50,0
123,2024-10-30,08:48:14.069,0,0,0,0,0,0,48.8661156947435,0,-2.48444883346558,0,-0.393276365995407,0,48.8013330841,0,24.0975589752197,50,50,0
124,2024-10-30,08:48:14.399,0,0,0,0,0,0,48.8659923381464,0,-2.48441523551941,0,-0.399293273091316,0,48.8011624145508,0,24.0980072021484,50,50,0
125,2024-10-30,08:48:14.726,0,0,0,0,0,0,48.8661277564643,0,-2.48478586196899,0,-0.396560111045837,0,48.8013175964355,0,24.0974140167236,50,50,0
126,2024-10-30,08:48:15.105,0,0,0,0,0,0,48.8660772737933,0,-2.48383861064911,0,-0.391966570615768,0,48.8013362121582,0,24.1028442382813,50,50,0
127,2024-10-30,08:48:15.464,0,0,0,0,0,0,48.8657360581984,0,-2.48463714122772,0,-0.400618378520012,0,48.8008836364746,0,24.1023330688477,50,50,0
128,2024-10-30,08:48:15.811,0,0,0,0,0,0,48.8663928294431,0,-2.4843375825882,0,-0.395424970388413,0,48.8015818023682,0,24.1020946502686,50,50,0
129,2024-10-30,08:48:16.094,0,0,0,0,0,0,48.8662565340351,0,-2.48442363262177,0,-0.391238198876381,0,48.8015107727,0,24.1034374237061,50,50,0
130,2024-10-30,08:48:16.420,0,0,0,0,0,0,48.8658795485692,0,-2.48424179077148,0,-0.3988586235,0,48.8010618591309,0,24.1041736602783,50,50,0
131,2024-10-30,08:48:16.702,0,0,0,0,0,0,48.8662636532422,0,-2.4840175819397,0,-0.399320957064629,0,48.8014459228516,0,24.1037139892578,50,50,0
132,2024-10-30,08:48:17.049,0,0,0,0,0,0,48.8654477588876,0,-2.4844063949585,0,-0.393491312265396,0,48.8018967437744,0,24.0996494293213,50,50,0
133,2024-10-30,08:48:17.380,0,0,0,0,0,0,48.8660653200858,0,-2.48496887683868,0,-0.3936908251,0,48.801252822876,0,24.1012153625488,50,50,0
134,2024-10-30,08:48:17.679,0,0,0,0,0,0,48.8657786132108,0,-2.4846518611908,0,-0.401163500547409,0,48.8009210205,0,24.1010837554932,50,50,0
135,2024-10-30,08:48:17.993,0,0,0,0,0,0,48.8660981325809,0,-2.48416179656982,0,-0.394735409021378,0,48.8012624359131,0,24.0979652404785,50,50,0
136,2024-10-30,08:48:18.307,0,0,0,0,0,0,48.8662080856164,0,-2.48344579219818,0,-0.3922094655,0,48.8014350128174,0,24.0951652526855,50,50,0
137,2024-10-30,08:48:18.607,0,0,0,0,0,0,48.8663547767,0,-2.48403622627258,0,-0.39884408891201,0,48.8015284729,0,24.098030090332,50,50,0
138,2024-10-30,08:48:18.968,0,0,0,0,0,0,48.8657413084,0,-2.48361700057983,0,-0.398433465957642,0,48.8009587097168,0,24.0970592498779,50,50,0
139,2024-10-30,08:48:19.265,0,0,0,0,0,0,48.8661422359816,0,-2.48396596908569,0,-0.391820611953735,0,48.8013959503174,0,24.0945339202881,50,50,0
140,2024-10-30,08:48:19.549,0,0,0,0,0,0,48.8655517115409,0,-2.4845671463,0,-0.394099105,0,48.8007556915283,0,24.0951137542725,50,50,0
141,2024-10-30,08:48:19.924,0,0,0,0,0,0,48.865622815132,0,-2.48515016078949,0,-0.399368461370468,0,48.8007427978516,0,24.0906562805176,50,50,0
142,2024-10-30,08:48:20.250,0,0,0,0,0,0,48.8664546852215,0,-2.48478874206543,0,-0.3933453381,0,48.8016546630859,0,24.0932216644287,50,50,0
143,2024-10-30,08:48:20.564,0,0,0,0,0,0,48.8662664495,0,-2.48370270252228,0,-0.394752458333969,0,48.8015261077881,0,24.0945072174072,50,50,0
144,2024-10-30,08:48:20.905,0,0,0,0,0,0,48.865693749083,0,-2.48499681949615,0,-0.400168513655663,0,48.8008363342285,0,24.0977191925049,50,50,0
145,2024-10-30,08:48:21.216,0,0,0,0,0,0,48.866678614481,0,-2.48366467475891,0,-0.396115617156029,0,48.8018222808838,0,24.0947189331055,50,50,0
146,2024-10-30,08:48:21.529,0,0,0,0,0,0,48.8660505142,0,-2.4841403532,0,-0.39175261259079,0,48.8012957763672,0,24.0921821594238,50,50,0
147,2024-10-30,08:48:21.824,0,0,0,0,0,0,48.8663010420317,0,-2.48448365211487,0,-0.397882444858551,0,48.8014795684814,0,24.08815574646,50,50,0
148,2024-10-30,08:48:22.151,0,0,0,0,0,0,48.8667582124,0,-2.48410670757294,0,-0.3999329859,0,48.8019397735596,0,24.0853042602539,50,50,0
149,2024-10-30,08:48:22.465,0,0,0,0,0,0,48.8666835236442,0,-2.48411727905273,0,-0.393292925357819,0,48.8019184112549,0,24.0866718292236,50,50,0
150,2024-10-30,08:48:22.760,0,0,0,0,0,0,48.8662303142813,0,-2.48433732032776,0,-0.39415342271328,0,48.8014464569,0,24.0882740020752,50,50,0
151,2024-10-30,08:48:23.041,0,0,0,0,0,0,48.8660842179459,0,-2.48535011768341,0,-0.400038059353828,0,48.8012007141113,0,24.0885391235352,50,50,0
152,2024-10-30,08:48:23.381,0,0,0,0,0,0,48.8665499008206,0,-2.48445158958435,0,-0.397981336116791,0,48.8017295837402,0,24.0934295654297,50,50,0
153,2024-10-30,08:48:23.709,0,0,0,0,0,0,48.8657771333779,0,-2.48386586666107,0,-0.392238118648529,0,48.8010321044922,0,24.0936527252197,50,50,0
154,2024-10-30,08:48:24.053,0,0,0,0,0,0,48.8654469238976,0,-2.4846981287,0,-0.398844228386879,0,48.8006055450439,0,24.091667175293,50,50,0
155,2024-10-30,08:48:24.444,0,0,0,0,0,0,48.865504648773,0,-2.48370363712311,0,-0.397382158041,0,48.8007105255127,0,24.089879989624,50,50,0
156,2024-10-30,08:48:24.804,0,0,0,0,0,0,48.8666130481689,0,-2.48409241676331,0,-0.392455397248268,0,48.8018558502197,0,24.0934448242188,50,50,0
157,2024-10-30,08:48:25.098,0,0,0,0,0,0,48.8663504736,0,-2.48412128448486,0,-0.39931036233902,0,48.8010927581787,0,24.0957832336426,50,50,0
158,2024-10-30,08:48:25.454,0,0,0,0,0,0,48.8660248823615,0,-2.48437130451202,0,-0.3986068046,0,48.8012028503418,0,24.0931396484375,50,50,0
159,2024-10-30,08:48:25.799,0,0,0,0,0,0,48.8665551373743,0,-2.48406257152557,0,-0.3924824953,0,48.8017991638184,0,24.0923633575439,50,50,0
160,2024-10-30,08:48:26.126,0,0,0,0,0,0,48.8656979053474,0,-2.48400234699249,0,-0.397097580432892,0,48.8009065246582,0,24.0926666259766,50,50,0
161,2024-10-30,08:48:26.426,0,0,0,0,0,0,48.8667445224221,0,-2.48492090702057,0,-0.40074227809906,0,48.8018779754639,0,24.0944805145264,50,50,0
162,2024-10-30,08:48:26.724,0,0,0,0,0,0,48.8665080512327,0,-2.48449516773224,0,-0.394133207798004,0,48.8017166900635,0,24.0934677124023,50,50,0
163,2024-10-30,08:48:27.070,0,0,0,0,0,0,48.8658372400216,0,-2.48397417545319,0,-0.392794139385223,0,48.8010823059,0,24.0909576416016,50,50,0
164,2024-10-30,08:48:27.398,0,0,0,0,0,0,48.865880961549,0,-2.48498485565186,0,-0.401228566169739,0,48.8010174560547,0,24.0972709655762,50,50,0
165,2024-10-30,08:48:27.727,0,0,0,0,0,0,48.8659164379906,0,-2.48438892364502,0,-0.395662544369698,0,48.8011173248291,0,24.0934295654297,50,50,0
166,2024-10-30,08:48:28.026,0,0,0,0,0,0,48.8662736081303,0,-2.48407082557678,0,-0.392971089482307,0,48.8015129089356,0,24.0934295654297,50,50,0
167,2024-10-30,08:48:28.372,0,0,0,0,0,0,48.8661473077549,0,-2.48488681793213,0,-0.398567277789116,0,48.8012995147705,0,24.097110748291,50,50,0
168,2024-10-30,08:48:28.669,0,0,0,0,0,0,48.8660998343897,0,-2.48458052158356,0,-0.399894740581512,0,48.8012567138672,0,24.1016216278076,50,50,0
169,2024-10-30,08:48:29.000,0,0,0,0,0,0,48.8656149835,0,-2.48448421955109,0,-0.393747099637985,0,48.8008261108399,0,24.1072769165039,50,50,0
170,2024-10-30,08:48:29.308,0,0,0,0,0,0,48.8659888625913,0,-2.48453111171722,0,-0.396886293292046,0,48.8012089538574,0,24.1010036468506,50,50,0
171,2024-10-30,08:48:29.607,0,0,0,0,0,0,48.8664106256647,0,-2.48443175792694,0,-0.396975217461586,0,48.8016217041,0,24.1006889343262,50,50,0
172,2024-10-30,08:48:29.951,0,0,0,0,0,0,48.8655470883619,0,-2.48422156333923,0,-0.396424721479416,0,48.8007604217529,0,24.098560333252,50,50,0
173,2024-10-30,08:48:30.279,0,0,0,0,0,0,48.8660788134576,0,-2.48400359153748,0,-0.393702375292778,0,48.8013153839111,0,24.0993843078613,50,50,0
174,2024-10-30,08:48:30.656,0,0,0,0,0,0,48.8662091866624,0,-2.48487987995148,0,-0.399078235030174,0,48.8013995361328,0,24.1017017364502,50,50,0
175,2024-10-30,08:48:31.001,0,0,0,0,0,0,48.8664167601817,0,-2.48423680305481,0,-0.396856136918068,0,48.8016163635254,0,24.100622177124,50,50,0
176,2024-10-30,08:48:31.332,0,0,0,0,0,0,48.8668495273873,0,-2.4842777633667,0,-0.393204458355904,0,48.8020771789551,0,24.0999240875244,50,50,0
177,2024-10-30,08:48:31.644,0,0,0,0,0,0,48.8660130254454,0,-2.48451689243317,0,-0.399802800416946,0,48.8011737823486,0,24.098072052002,50,50,0
178,2024-10-30,08:48:31.942,0,0,0,0,0,0,48.8664070618976,0,-2.48343139648438,0,-0.398606783151627,0,48.8016333770752,0,24.0935478210449,50,50,0
179,2024-10-30,08:48:32.288,0,0,0,0,0,0,48.8659565636718,0,-2.48402584075928,0,-0.392116814255714,0,48.8012046051,0,24.0903797149658,50,50,0
180,2024-10-30,08:48:32.588,0,0,0,0,0,0,48.8661728634899,0,-2.48501379489899,0,-0.397602414488792,0,48.8013455963135,0,24.0951766967773,50,50,0
181,2024-10-30,08:48:32.931,0,0,0,0,0,0,48.8659843707,0,-2.48430756568909,0,-0.3994640249,0,48.8011325836182,0,24.1022262573242,50,50,0
182,2024-10-30,08:48:33.292,0,0,0,0,0,0,48.8663679729488,0,-2.48415165901184,0,-0.394347893595696,0,48.8015921783447,0,24.1015567779541,50,50,0
183,2024-10-30,08:48:33.617,0,0,0,0,0,0,48.8661139759627,0,-2.48503942012787,0,-0.395602838993073,0,48.8013503265381,0,24.1009140014648,50,50,0
